word,count
商品,5217
サイズ,3854
cm,2929
素材,2526
画像,2447
番号,2341
店舗,2268
シルエット,2174
アイテム,2115
モデル,2002
ポイント,1936
W,1907
H,1899
B,1876
仕様,1727
スタイル,1581
柄,1579
アクセント,1502
身長,1472
色,1431
カラー,1405
大人,1324
印象,1285
情報,1229
女性,1225
魅力,1222
ウエスト,1182
M,1149
サンプル,1130
ライン,1057
ネック,1032
プラス,981
パンツ,942
生地,940
スカート,895
レース,891
雰囲気,853
スタイリング,838
ポケット,835
フロント,819
ムード,814
ルックス,806
ワンピース,791
モチーフ,786
リボン,783
デイリー,776
丈,771
表情,754
トレンド,728
夏,702
カジュアル,687
フェミニン,675
ニット,674
裾,673
ロゴ,665
着こなし,655
着心地,640
部分,613
春,577
トップス,571
Tシャツ,569
肌,565
フォルム,554
シーズン,540
シーン,508
V,506
サイド,490
プルオーバー,481
抜群,479
袖,470
デニム,470
フレア,464
ブラウス,460
ボリューム,460
フラワー,459
ロング,451
ベルト,450
ワイド,450
ボディ,444
ネックレス,442
シャツ,433
F,429
ゴム,425
箱,416
リング,413
状況,407
フリル,396
効果,396
スリーブ,394
タック,393
C,380
ボトム,371
セット,367
ショルダー,363
バランス,353
周り,351
スト,345
コーデ,344
ピアス,344
バッグ,344
